peptide	mz
MATSR	274.332
TYLDK	311.362
DVSLPR	334.892
GAFPPR	313.877
ISAFR	288.35200000000003
SEEAVR	336.867
AYVQAR	345.402
VLESYR	374.93699999999995
